Read Cars from CSV input file,Sat Apr 30 02:00:15 EEST 2022
Write Car to CSV,Sat Apr 30 02:00:15 EEST 2022
Read Cars from CSV input file,Sat Apr 30 02:01:35 EEST 2022
Write Car to CSV,Sat Apr 30 02:01:35 EEST 2022
Read Cars from CSV input file,Sat Apr 30 02:06:18 EEST 2022
Write Car to CSV,Sat Apr 30 02:07:50 EEST 2022
Read Cars from CSV input file,Sat Apr 30 02:09:08 EEST 2022
Read Cars from CSV input file,Sat Apr 30 02:09:35 EEST 2022
Read Cars from CSV input file,Sat Apr 30 02:28:20 EEST 2022
Write Car to CSV,Sat Apr 30 02:28:20 EEST 2022
Read Orders from CSV input file,Sat Apr 30 02:28:36 EEST 2022
Write Order to CSV,Sat Apr 30 02:28:36 EEST 2022
Write Order to CSV,Sat Apr 30 02:28:36 EEST 2022
Read Providers from CSV input file,Sat Apr 30 02:28:36 EEST 2022
Write Provider to CSV,Sat Apr 30 02:28:36 EEST 2022
Read Cars from CSV input file,Sat Apr 30 02:28:59 EEST 2022
Write Car to CSV,Sat Apr 30 02:28:59 EEST 2022
Read Couriers from CSV input file,Sat Apr 30 02:28:59 EEST 2022
Write Courier to CSV,Sat Apr 30 02:28:59 EEST 2022
Read Orders from CSV input file,Sat Apr 30 02:28:59 EEST 2022
Write Order to CSV,Sat Apr 30 02:28:59 EEST 2022
Write Order to CSV,Sat Apr 30 02:28:59 EEST 2022
Read Cars from CSV input file,Sat Apr 30 02:41:23 EEST 2022
Read Cars from CSV input file,Sat Apr 30 02:41:59 EEST 2022
Read Cars from CSV input file,Sat Apr 30 02:42:18 EEST 2022
Read Couriers from CSV input file,Sat Apr 30 02:42:18 EEST 2022
Write Courier to CSV,Sat Apr 30 02:42:18 EEST 2022
Read Orders from CSV input file,Sat Apr 30 02:42:18 EEST 2022
Write Order to CSV,Sat Apr 30 02:42:18 EEST 2022
Write Order to CSV,Sat Apr 30 02:42:18 EEST 2022
Read Providers from CSV input file,Sat Apr 30 02:42:18 EEST 2022
Write Provider to CSV,Sat Apr 30 02:42:18 EEST 2022
Read Cars from CSV input file,Sat Apr 30 02:46:01 EEST 2022
Read Couriers from CSV input file,Sat Apr 30 02:46:04 EEST 2022
Read Orders from CSV input file,Sat Apr 30 02:46:04 EEST 2022
Read Providers from CSV input file,Sat Apr 30 02:46:04 EEST 2022
